stock_id,weight
2384,0.25677581648665104
688303,0.3213844970783881
600893,0.14461916432037605
300316,0.009999000000000004
600938,0.2671215221145848
